team,season,salary_cap,luxury_tax,first_apron,second_apron,total_payroll,total_cap_share,distance_to_tax,distance_to_first_apron,distance_to_second_apron,bracket,lambda_tax,known_player_count
CLE,2025-26,154647000,187895000,195945000,207824000,211686176.0,136.88,23791176.0,15741176.0,3862176.0,3,0.7,23
NYK,2025-26,154647000,187895000,195945000,207824000,207454264.0,134.15,19559264.0,11509264.0,-369736.0,2,0.35,19
GSW,2025-26,154647000,187895000,195945000,207824000,204124729.0,131.99,16229729.0,8179729.0,-3699271.0,2,0.35,20
HOU,2025-26,154647000,187895000,195945000,207824000,194689411.0,125.89,6794411.0,-1255589.0,-13134589.0,1,0.15,19
LAL,2025-26,154647000,187895000,195945000,207824000,194452775.0,125.74,6557775.0,-1492225.0,-13371225.0,1,0.15,20
MIN,2025-26,154647000,187895000,195945000,207824000,194042642.0,125.47,6147642.0,-1902358.0,-13781358.0,1,0.15,21
PHI,2025-26,154647000,187895000,195945000,207824000,189107670.0,122.28,1212670.0,-6837330.0,-18716330.0,1,0.15,22
BOS,2025-26,154647000,187895000,195945000,207824000,188993578.0,122.21,1098578.0,-6951422.0,-18830422.0,1,0.15,18
LAC,2025-26,154647000,187895000,195945000,207824000,188928780.0,122.17,1033780.0,-7016220.0,-18895220.0,1,0.15,23
ORL,2025-26,154647000,187895000,195945000,207824000,187342232.0,121.14,-552768.0,-8602768.0,-20481768.0,0,0.0,18
TOR,2025-26,154647000,187895000,195945000,207824000,186892145.0,120.85,-1002855.0,-9052855.0,-20931855.0,0,0.0,21
NOP,2025-26,154647000,187895000,195945000,207824000,186891963.0,120.85,-1003037.0,-9053037.0,-20932037.0,0,0.0,20
DEN,2025-26,154647000,187895000,195945000,207824000,186590064.0,120.66,-1304936.0,-9354936.0,-21233936.0,0,0.0,18
POR,2025-26,154647000,187895000,195945000,207824000,186503549.0,120.6,-1391451.0,-9441451.0,-21320451.0,0,0.0,22
PHO,2025-26,154647000,187895000,195945000,207824000,186292926.0,120.46,-1602074.0,-9652074.0,-21531074.0,0,0.0,22
SAC,2025-26,154647000,187895000,195945000,207824000,186219931.0,120.42,-1675069.0,-9725069.0,-21604069.0,0,0.0,19
MIA,2025-26,154647000,187895000,195945000,207824000,186052117.0,120.31,-1842883.0,-9892883.0,-21771883.0,0,0.0,18
IND,2025-26,154647000,187895000,195945000,207824000,183658848.0,118.76,-4236152.0,-12286152.0,-24165152.0,0,0.0,26
CHI,2025-26,154647000,187895000,195945000,207824000,182880723.0,118.26,-5014277.0,-13064277.0,-24943277.0,0,0.0,21
WAS,2025-26,154647000,187895000,195945000,207824000,182463635.0,117.99,-5431365.0,-13481365.0,-25360365.0,0,0.0,26
DAL,2025-26,154647000,187895000,195945000,207824000,182455744.0,117.98,-5439256.0,-13489256.0,-25368256.0,0,0.0,23
SAS,2025-26,154647000,187895000,195945000,207824000,182366805.0,117.92,-5528195.0,-13578195.0,-25457195.0,0,0.0,21
ATL,2025-26,154647000,187895000,195945000,207824000,182345957.0,117.91,-5549043.0,-13599043.0,-25478043.0,0,0.0,24
OKC,2025-26,154647000,187895000,195945000,207824000,182069276.0,117.73,-5825724.0,-13875724.0,-25754724.0,0,0.0,20
MIL,2025-26,154647000,187895000,195945000,207824000,181349997.0,117.27,-6545003.0,-14595003.0,-26474003.0,0,0.0,25
DET,2025-26,154647000,187895000,195945000,207824000,180146968.0,116.49,-7748032.0,-15798032.0,-27677032.0,0,0.0,20
CHO,2025-26,154647000,187895000,195945000,207824000,172944019.0,111.83,-14950981.0,-23000981.0,-34879981.0,0,0.0,23
UTA,2025-26,154647000,187895000,195945000,207824000,172721337.0,111.69,-15173663.0,-23223663.0,-35102663.0,0,0.0,25
MEM,2025-26,154647000,187895000,195945000,207824000,157499171.0,101.84,-30395829.0,-38445829.0,-50324829.0,0,0.0,33
BRK,2025-26,154647000,187895000,195945000,207824000,154133731.0,99.67,-33761269.0,-41811269.0,-53690269.0,0,0.0,29
